nmmunicipiocredor,nmfuncao,vlempenhado,vlliquidado,vlpagoorcamentario,valor_total
ABDON BATISTA,Agricultura,0.0,500000.0,500000.0,1000000.0
ABDON BATISTA,Educação,0.0,83724.0,49411.0,133135.0
ABDON BATISTA,Saúde,0.0,0.0,0.0,0.0
ABELARDO LUZ,Agricultura,0.0,300000.0,300000.0,600000.0
ABELARDO LUZ,Educação,0.0,3821146.0,3821146.0,7642292.0
ABELARDO LUZ,Saúde,-300000.0,26689.0,36387.0,-236924.0
ABELARDO LUZ,Transporte,0.0,200000.0,200000.0,400000.0
AGROLANDIA,Educação,0.0,4180000.0,4180000.0,8360000.0
AGROLANDIA,Saúde,0.0,128148.0,132222.0,260370.0
AGROLANDIA,Transporte,0.0,450000.0,450000.0,900000.0
AGRONOMICA,Agricultura,0.0,100000.0,100000.0,200000.0
AGRONOMICA,Educação,0.0,2270000.0,2270000.0,4540000.0
AGRONOMICA,Saúde,0.0,4086.0,6129.0,10215.0
AGRONOMICA,Transporte,-350000.0,350000.0,350000.0,350000.0
AGUA DOCE,Agricultura,0.0,119000.0,119000.0,238000.0
AGUA DOCE,Educação,0.0,0.0,0.0,0.0
AGUA DOCE,Saúde,0.0,0.0,0.0,0.0
AGUAS DE CHAPECO,Agricultura,-100000.0,100000.0,100000.0,100000.0
AGUAS DE CHAPECO,Educação,0.0,100000.0,100000.0,200000.0
AGUAS DE CHAPECO,Saúde,0.0,0.0,0.0,0.0
AGUAS DE CHAPECO,Transporte,0.0,200000.0,200000.0,400000.0
AGUAS FRIAS,Agricultura,0.0,250000.0,250000.0,500000.0
AGUAS FRIAS,Educação,0.0,0.0,0.0,0.0
AGUAS FRIAS,Saúde,0.0,0.0,0.0,0.0
AGUAS MORNAS,Educação,0.0,460.0,460.0,920.0
AGUAS MORNAS,Saúde,0.0,0.0,0.0,0.0
AGUAS MORNAS,Transporte,0.0,250000.0,250000.0,500000.0
ALFREDO WAGNER,Agricultura,0.0,250000.0,250000.0,500000.0
ALFREDO WAGNER,Educação,0.0,55434.0,55434.0,110868.0
ALFREDO WAGNER,Saúde,0.0,150000.0,150000.0,300000.0
ALTO BELA VISTA,Educação,0.0,0.0,0.0,0.0
ALTO BELA VISTA,Saúde,0.0,0.0,0.0,0.0
ANCHIETA,Educação,0.0,103500.0,103500.0,207000.0
ANCHIETA,Saúde,0.0,0.0,0.0,0.0
ANGELINA,Educação,0.0,509300.0,509300.0,1018600.0
ANGELINA,Saúde,0.0,250000.0,250000.0,500000.0
ANGELINA,Transporte,0.0,550000.0,550000.0,1100000.0
ANITA GARIBALDI,Educação,0.0,0.0,0.0,0.0
ANITA GARIBALDI,Saúde,0.0,400000.0,400000.0,800000.0
ANITAPOLIS,Agricultura,0.0,150000.0,150000.0,300000.0
ANITAPOLIS,Educação,0.0,99919.0,99919.0,199838.0
ANITAPOLIS,Saúde,0.0,0.0,0.0,0.0
ANITAPOLIS,Transporte,0.0,127670.0,127670.0,255340.0
ANTONIO CARLOS,Desporto e Lazer,0.0,150000.0,150000.0,300000.0
ANTONIO CARLOS,Educação,-250000.0,856912.0,790209.0,1397121.0
ANTONIO CARLOS,Saúde,0.0,0.0,0.0,0.0
ANTONIO CARLOS,Transporte,0.0,750000.0,750000.0,1500000.0
APIUNA,Educação,0.0,0.0,0.0,0.0
APIUNA,Saúde,0.0,0.0,0.0,0.0
ARABUTA,Agricultura,0.0,300000.0,300000.0,600000.0
ARABUTA,Educação,0.0,250.0,250.0,500.0
ARABUTA,Saúde,0.0,100000.0,100000.0,200000.0
ARAQUARI,Educação,0.0,0.0,0.0,0.0
ARAQUARI,Saúde,0.0,0.0,0.0,0.0
ARARANGUA,Educação,0.0,575.0,575.0,1150.0
ARARANGUA,Saúde,0.0,968250.0,4072375.0,5040625.0
ARARANGUA,Transporte,0.0,1803000.0,1803000.0,3606000.0
ARMAZEM,Educação,0.0,99643.0,199643.0,299286.0
ARMAZEM,Saúde,0.0,0.0,0.0,0.0
ARMAZEM,Transporte,0.0,3000000.0,3000000.0,6000000.0
ARROIO TRINTA,Agricultura,0.0,0.0,0.0,0.0
ARROIO TRINTA,Educação,0.0,11720.0,0.0,11720.0
ARROIO TRINTA,Saúde,0.0,210000.0,213000.0,423000.0
ARVOREDO,Agricultura,0.0,650000.0,650000.0,1300000.0
ARVOREDO,Educação,0.0,0.0,0.0,0.0
ARVOREDO,Saúde,0.0,0.0,0.0,0.0
ASCURRA,Educação,0.0,1121752.0,1121752.0,2243504.0
ASCURRA,Saúde,0.0,0.0,0.0,0.0
ATALANTA,Educação,0.0,300.0,300.0,600.0
ATALANTA,Saúde,0.0,0.0,0.0,0.0
AURORA,Agricultura,0.0,350000.0,350000.0,700000.0
AURORA,Educação,0.0,64083.0,0.0,64083.0
AURORA,Saúde,0.0,0.0,0.0,0.0
BALNEARIO ARROIO DO SILVA,Educação,0.0,300.0,160300.0,160600.0
BALNEARIO ARROIO DO SILVA,Saúde,0.0,0.0,0.0,0.0
BALNEARIO ARROIO DO SILVA,Transporte,0.0,1400000.0,1400000.0,2800000.0
BALNEARIO BARRA DO SUL,Educação,0.0,198707.0,198707.0,397414.0
BALNEARIO BARRA DO SUL,Saúde,0.0,0.0,0.0,0.0
BALNEARIO BARRA DO SUL,Transporte,0.0,850000.0,850000.0,1700000.0
BALNEARIO CAMBORIU,Educação,0.0,225812.0,225812.0,451624.0
BALNEARIO CAMBORIU,Saúde,0.0,22088.0,31713.0,53801.0
BALNEARIO GAIVOTA,Agricultura,0.0,500000.0,500000.0,1000000.0
BALNEARIO GAIVOTA,Educação,0.0,2454579.0,2454579.0,4909158.0
BALNEARIO GAIVOTA,Saúde,0.0,0.0,0.0,0.0
BALNEARIO GAIVOTA,Transporte,0.0,150000.0,150000.0,300000.0
BALNEARIO RINCAO,Educação,0.0,1147613.0,1147613.0,2295226.0
BALNEARIO RINCAO,Saúde,0.0,9570.0,14355.0,23925.0
BANDEIRANTE,Educação,0.0,100000.0,100000.0,200000.0
BANDEIRANTE,Saúde,0.0,0.0,0.0,0.0
BARRA BONITA,Agricultura,0.0,300000.0,300000.0,600000.0
BARRA BONITA,Educação,0.0,0.0,0.0,0.0
BARRA BONITA,Saúde,0.0,1590.0,2385.0,3975.0
BARRA BONITA,Transporte,0.0,250000.0,250000.0,500000.0
BARRA VELHA,Educação,0.0,77931.0,77931.0,155862.0
BARRA VELHA,Saúde,0.0,21876.0,32814.0,54690.0
BARRA VELHA,Transporte,0.0,200000.0,200000.0,400000.0
BELA VISTA DO TOLDO,Agricultura,0.0,100000.0,100000.0,200000.0
BELA VISTA DO TOLDO,Educação,0.0,20000.0,20000.0,40000.0
BELA VISTA DO TOLDO,Saúde,0.0,0.0,0.0,0.0
BELMONTE,Educação,0.0,0.0,0.0,0.0
BELMONTE,Saúde,0.0,0.0,0.0,0.0
BENEDITO NOVO,Educação,0.0,300.0,300.0,600.0
BENEDITO NOVO,Saúde,0.0,0.0,0.0,0.0
BIGUACU,Educação,0.0,1630.0,1630.0,3260.0
BIGUACU,Saúde,0.0,92250.0,12375.0,104625.0
BLUMENAU,Educação,0.0,92604.0,1530.0,94134.0
BLUMENAU,Saúde,-1850000.0,4460790.0,4641423.0,7252213.0
BOCAINA DO SUL,Agricultura,0.0,1130000.0,1130000.0,2260000.0
BOCAINA DO SUL,Educação,0.0,22974.0,0.0,22974.0
BOCAINA DO SUL,Saúde,0.0,198184.0,198184.0,396368.0
BOM JARDIM DA SERRA,Agricultura,0.0,350000.0,350000.0,700000.0
BOM JARDIM DA SERRA,Educação,0.0,80200.0,80200.0,160400.0
BOM JARDIM DA SERRA,Saúde,0.0,0.0,0.0,0.0
BOM JARDIM DA SERRA,Transporte,0.0,0.0,0.0,0.0
BOM JESUS,Agricultura,0.0,300000.0,0.0,300000.0
BOM JESUS,Assistência Social,0.0,250000.0,250000.0,500000.0
BOM JESUS,Educação,0.0,880000.0,880000.0,1760000.0
BOM JESUS,Saúde,0.0,0.0,0.0,0.0
BOM JESUS,Transporte,0.0,300000.0,300000.0,600000.0
BOM JESUS DO OESTE,Agricultura,0.0,1130000.0,1130000.0,2260000.0
BOM JESUS DO OESTE,Educação,0.0,0.0,0.0,0.0
BOM JESUS DO OESTE,Saúde,0.0,0.0,0.0,0.0
BOM RETIRO,Agricultura,0.0,300000.0,300000.0,600000.0
BOM RETIRO,Educação,0.0,380210.0,380210.0,760420.0
BOM RETIRO,Saúde,0.0,500000.0,500000.0,1000000.0
BOM RETIRO,Transporte,0.0,200000.0,200000.0,400000.0
BOMBINHAS,Comércio e Serviços,0.0,0.0,0.0,0.0
BOMBINHAS,Educação,0.0,380000.0,380000.0,760000.0
BOMBINHAS,Saúde,0.0,0.0,0.0,0.0
BOMBINHAS,Transporte,0.0,500000.0,500000.0,1000000.0
BOTUVERA,Educação,0.0,0.0,0.0,0.0
BOTUVERA,Saúde,0.0,0.0,0.0,0.0
BRACO DO NORTE,Educação,0.0,600.0,600.0,1200.0
BRACO DO NORTE,Saúde,0.0,248250.0,252375.0,500625.0
BRACO DO NORTE,Transporte,0.0,0.0,0.0,0.0
BRACO DO TROMBUDO,Agricultura,0.0,120000.0,120000.0,240000.0
BRACO DO TROMBUDO,Educação,0.0,440.0,440.0,880.0
BRACO DO TROMBUDO,Saúde,0.0,0.0,0.0,0.0
BRUNOPOLIS,Educação,-360000.0,360000.0,360000.0,360000.0
BRUNOPOLIS,Saúde,0.0,0.0,0.0,0.0
BRUSQUE,Educação,0.0,1200.0,1200.0,2400.0
BRUSQUE,Saúde,0.0,1575190.0,1387190.0,2962380.0
CACADOR,Administração,0.0,0.0,0.0,0.0
CACADOR,Agricultura,0.0,0.0,0.0,0.0
CACADOR,Educação,0.0,1200.0,1200.0,2400.0
CACADOR,Saúde,0.0,1250906.0,1255031.0,2505937.0
CAIBI,Agricultura,-200000.0,750000.0,750000.0,1300000.0
CAIBI,Assistência Social,0.0,100000.0,100000.0,200000.0
CAIBI,Educação,0.0,20000.0,20000.0,40000.0
CAIBI,Saúde,-230000.0,4794.0,7191.0,-218015.0
CAIBI,Transporte,0.0,150000.0,150000.0,300000.0
CALMON,Agricultura,0.0,0.0,0.0,0.0
CALMON,Educação,0.0,0.0,0.0,0.0
CALMON,Saúde,0.0,0.0,0.0,0.0
CAMBORIU,Assistência Social,0.0,0.0,0.0,0.0
CAMBORIU,Comércio e Serviços,0.0,500000.0,0.0,500000.0
CAMBORIU,Educação,0.0,0.0,0.0,0.0
CAMBORIU,Saúde,0.0,0.0,0.0,0.0
CAMBORIU,Segurança Pública,0.0,400000.0,400000.0,800000.0
CAMBORIU,Transporte,0.0,250000.0,250000.0,500000.0
CAMPO ALEGRE,Educação,-300000.0,424644.0,424644.0,549288.0
CAMPO ALEGRE,Saúde,0.0,0.0,0.0,0.0
CAMPO ALEGRE,Transporte,0.0,300000.0,300000.0,600000.0
CAMPO BELO DO SUL,Educação,0.0,161349.0,124400.0,285749.0
CAMPO BELO DO SUL,Saúde,0.0,0.0,0.0,0.0
CAMPO ERE,Agricultura,0.0,300000.0,300000.0,600000.0
CAMPO ERE,Educação,0.0,55626.0,55626.0,111252.0
CAMPO ERE,Saúde,0.0,0.0,0.0,0.0
CAMPO ERE,Transporte,0.0,200000.0,200000.0,400000.0
CAMPOS NOVOS,Assistência Social,-200000.0,200000.0,200000.0,200000.0
CAMPOS NOVOS,Educação,-100000.0,100000.0,100000.0,100000.0
CAMPOS NOVOS,Saúde,0.0,3310000.0,3310000.0,6620000.0
CAMPOS NOVOS,Transporte,0.0,500000.0,500000.0,1000000.0
CANELINHA,Educação,0.0,0.0,0.0,0.0
CANELINHA,Saúde,0.0,9180.0,13770.0,22950.0
CANELINHA,Transporte,0.0,800000.0,800000.0,1600000.0
CANOINHAS,Educação,0.0,3101880.0,3101880.0,6203760.0
CANOINHAS,Saúde,0.0,11000.0,16500.0,27500.0
CAPAO ALTO,Educação,0.0,0.0,0.0,0.0
CAPAO ALTO,Saúde,0.0,0.0,0.0,0.0
CAPINZAL,Educação,0.0,100.0,100.0,200.0
CAPINZAL,Saúde,0.0,267136.0,275704.0,542840.0
CAPINZAL,Transporte,0.0,1500000.0,1500000.0,3000000.0
CAPIVARI DE BAIXO,Educação,0.0,201430.0,201430.0,402860.0
CAPIVARI DE BAIXO,Saúde,0.0,0.0,0.0,0.0
CATANDUVAS,Educação,0.0,39490.0,39490.0,78980.0
CATANDUVAS,Saúde,0.0,0.0,0.0,0.0
CATANDUVAS,Transporte,0.0,250000.0,250000.0,500000.0
CAXAMBU DO SUL,Agricultura,-400000.0,700000.0,700000.0,1000000.0
CAXAMBU DO SUL,Educação,0.0,0.0,0.0,0.0
CAXAMBU DO SUL,Saúde,0.0,106265.0,106265.0,212530.0
CAXAMBU DO SUL,Transporte,0.0,200000.0,200000.0,400000.0
CELSO RAMOS,Agricultura,0.0,136995.0,136995.0,273990.0
CELSO RAMOS,Comércio e Serviços,0.0,100000.0,0.0,100000.0
CELSO RAMOS,Educação,0.0,5316.0,0.0,5316.0
CELSO RAMOS,Saúde,0.0,0.0,0.0,0.0
CELSO RAMOS,Transporte,0.0,150000.0,150000.0,300000.0
CERRO NEGRO,Educação,0.0,51122.0,280.0,51402.0
CERRO NEGRO,Saúde,0.0,0.0,0.0,0.0
CHAPADAO DO LAGEADO,Educação,0.0,23781.0,0.0,23781.0
CHAPADAO DO LAGEADO,Saúde,0.0,0.0,0.0,0.0
CHAPECO,Educação,-1000000.0,1321199.0,1321199.0,1642398.0
CHAPECO,Saúde,-4083900.0,5553650.0,5563275.0,7033025.0
CHAPECO,Transporte,0.0,600000.0,600000.0,1200000.0
COCAL DO SUL,Educação,0.0,172082.0,150000.0,322082.0
COCAL DO SUL,Saúde,0.0,0.0,0.0,0.0
CONCORDIA,Direitos da Cidadania,0.0,0.0,0.0,0.0
CONCORDIA,Educação,0.0,8253.0,8253.0,16506.0
CONCORDIA,Gestão Ambiental,0.0,50000.0,50000.0,100000.0
CONCORDIA,Saúde,0.0,3065965.0,1541465.0,4607430.0
CONCORDIA,Transporte,0.0,5000000.0,5000000.0,10000000.0
CORDILHEIRA ALTA,Educação,0.0,170244.0,150000.0,320244.0
CORDILHEIRA ALTA,Saúde,0.0,300000.0,0.0,300000.0
CORDILHEIRA ALTA,Transporte,0.0,900000.0,900000.0,1800000.0
CORONEL FREITAS,Agricultura,0.0,200000.0,200000.0,400000.0
CORONEL FREITAS,Educação,0.0,0.0,0.0,0.0
CORONEL FREITAS,Saúde,0.0,7890.0,11835.0,19725.0
CORONEL FREITAS,Transporte,0.0,150000.0,150000.0,300000.0
CORONEL MARTINS,Educação,0.0,0.0,0.0,0.0
CORONEL MARTINS,Saúde,0.0,0.0,0.0,0.0
CORREIA PINTO,Agricultura,0.0,500000.0,500000.0,1000000.0
CORREIA PINTO,Educação,0.0,260994.0,244600.0,505594.0
CORREIA PINTO,Saúde,0.0,0.0,0.0,0.0
CORUPA,Educação,0.0,0.0,0.0,0.0
CORUPA,Saúde,0.0,0.0,0.0,0.0
CRICIUMA,Educação,0.0,2260372.0,2360372.0,4620744.0
CRICIUMA,Saúde,0.0,2510396.0,3126670.0,5637066.0
CUNHA PORA,Agricultura,0.0,800000.0,800000.0,1600000.0
CUNHA PORA,Educação,-468750.0,798750.0,798750.0,1128750.0
CUNHA PORA,Saúde,0.0,0.0,0.0,0.0
CUNHA PORA,Transporte,-400000.0,400000.0,400000.0,400000.0
CUNHATAI,Agricultura,0.0,500000.0,500000.0,1000000.0
CUNHATAI,Educação,0.0,0.0,0.0,0.0
CUNHATAI,Saúde,0.0,0.0,0.0,0.0
CUNHATAI,Transporte,0.0,300000.0,300000.0,600000.0
CURITIBANOS,Educação,0.0,456891.0,456891.0,913782.0
CURITIBANOS,Saúde,0.0,1015214.0,1019339.0,2034553.0
DESCANSO,Educação,0.0,20160.0,20160.0,40320.0
DESCANSO,Saúde,0.0,0.0,0.0,0.0
DIONISIO CERQUEIRA,Educação,0.0,135.0,135.0,270.0
DIONISIO CERQUEIRA,Saúde,0.0,55950.0,60075.0,116025.0
DONA EMMA,Educação,0.0,0.0,0.0,0.0
DONA EMMA,Saúde,0.0,0.0,0.0,0.0
DONA EMMA,Transporte,0.0,150000.0,150000.0,300000.0
DOUTOR PEDRINHO,Agricultura,0.0,200000.0,200000.0,400000.0
DOUTOR PEDRINHO,Educação,0.0,0.0,0.0,0.0
DOUTOR PEDRINHO,Saúde,0.0,3048.0,4572.0,7620.0
ENTRE RIOS,Agricultura,-150000.0,150000.0,150000.0,150000.0
ENTRE RIOS,Educação,0.0,0.0,0.0,0.0
ENTRE RIOS,Saúde,0.0,0.0,0.0,0.0
ENTRE RIOS,Transporte,0.0,150000.0,150000.0,300000.0
ERMO,Assistência Social,0.0,400000.0,400000.0,800000.0
ERMO,Educação,-200000.0,200000.0,200000.0,200000.0
ERMO,Saúde,0.0,0.0,0.0,0.0
ERMO,Transporte,0.0,150000.0,150000.0,300000.0
ERVAL VELHO,Educação,0.0,210.0,210.0,420.0
ERVAL VELHO,Saúde,0.0,3354.0,5031.0,8385.0
FAXINAL DOS GUEDES,Agricultura,0.0,300000.0,300000.0,600000.0
FAXINAL DOS GUEDES,Educação,-200000.0,230300.0,230300.0,260600.0
FAXINAL DOS GUEDES,Saúde,0.0,430000.0,430000.0,860000.0
FLOR DO SERTAO,Agricultura,-300000.0,300000.0,300000.0,300000.0
FLOR DO SERTAO,Educação,0.0,0.0,0.0,0.0
FLOR DO SERTAO,Saúde,0.0,0.0,0.0,0.0
FLOR DO SERTAO,Transporte,0.0,200000.0,200000.0,400000.0
FLORIANOPOLIS,Administração,0.0,0.0,0.0,0.0
FLORIANOPOLIS,Assistência Social,0.0,0.0,0.0,0.0
FLORIANOPOLIS,Ciência e Tecnologia,0.0,100000.0,100000.0,200000.0
FLORIANOPOLIS,Comércio e Serviços,0.0,0.0,0.0,0.0
FLORIANOPOLIS,Cultura,0.0,0.0,100000.0,100000.0
FLORIANOPOLIS,Educação,0.0,2294100.0,2294100.0,4588200.0
FLORIANOPOLIS,Saúde,0.0,23463036.0,21718811.0,45181847.0
FLORIANOPOLIS,Segurança Pública,0.0,0.0,0.0,0.0
FORMOSA DO SUL,Agricultura,0.0,600000.0,600000.0,1200000.0
FORMOSA DO SUL,Comércio e Serviços,0.0,150000.0,150000.0,300000.0
FORMOSA DO SUL,Educação,0.0,0.0,0.0,0.0
FORMOSA DO SUL,Saúde,0.0,0.0,0.0,0.0
FORQUILHINHA,Agricultura,-43000.0,107000.0,107000.0,171000.0
FORQUILHINHA,Comércio e Serviços,0.0,1000000.0,1000000.0,2000000.0
FORQUILHINHA,Desporto e Lazer,0.0,0.0,0.0,0.0
FORQUILHINHA,Educação,0.0,100440.0,100440.0,200880.0
FORQUILHINHA,Saúde,0.0,0.0,0.0,0.0
FORQUILHINHA,Transporte,0.0,2675000.0,2675000.0,5350000.0
FRAIBURGO,Agricultura,0.0,0.0,0.0,0.0
FRAIBURGO,Educação,0.0,68150.0,68150.0,136300.0
FRAIBURGO,Saúde,0.0,970000.0,970000.0,1940000.0
FREI ROGERIO,Educação,0.0,42124.0,0.0,42124.0
FREI ROGERIO,Saúde,0.0,0.0,0.0,0.0
GALVAO,Educação,0.0,376000.0,376000.0,752000.0
GALVAO,Saúde,0.0,2604.0,3906.0,6510.0
GAROPABA,Agricultura,0.0,181770.0,181770.0,363540.0
GAROPABA,Educação,0.0,0.0,0.0,0.0
GAROPABA,Saúde,0.0,0.0,0.0,0.0
GAROPABA,Transporte,0.0,500000.0,500000.0,1000000.0
GARUVA,Educação,0.0,0.0,0.0,0.0
GARUVA,Saúde,0.0,0.0,0.0,0.0
GASPAR,Agricultura,0.0,300000.0,300000.0,600000.0
GASPAR,Educação,0.0,255188.0,136120.0,391308.0
GASPAR,Saúde,0.0,86650.0,12375.0,99025.0
GASPAR,Transporte,0.0,350000.0,350000.0,700000.0
GOVERNADOR CELSO RAMOS,Agricultura,0.0,100000.0,100000.0,200000.0
GOVERNADOR CELSO RAMOS,Educação,0.0,300.0,300.0,600.0
GOVERNADOR CELSO RAMOS,Saúde,-300000.0,0.0,0.0,-300000.0
GOVERNADOR CELSO RAMOS,Transporte,0.0,0.0,0.0,0.0
GRAVATAL,Comércio e Serviços,0.0,250000.0,250000.0,500000.0
GRAVATAL,Educação,0.0,288650.0,288650.0,577300.0
GRAVATAL,Saúde,0.0,0.0,0.0,0.0
GRAVATAL,Transporte,0.0,550000.0,550000.0,1100000.0
GUABIRUBA,Educação,0.0,91185.0,0.0,91185.0
GUABIRUBA,Saúde,0.0,17874.0,26811.0,44685.0
GUARACIABA,Educação,0.0,30300.0,30300.0,60600.0
GUARACIABA,Saúde,0.0,100000.0,100000.0,200000.0
GUARAMIRIM,Educação,0.0,20560.0,20560.0,41120.0
GUARAMIRIM,Saúde,0.0,88200.0,0.0,88200.0
GUARUJA DO SUL,Agricultura,-220000.0,520000.0,520000.0,820000.0
GUARUJA DO SUL,Educação,-500000.0,500000.0,500000.0,500000.0
GUARUJA DO SUL,Saúde,0.0,3870.0,5805.0,9675.0
GUARUJA DO SUL,Transporte,0.0,250000.0,250000.0,500000.0
GUATAMBU,Educação,0.0,57077.0,0.0,57077.0
GUATAMBU,Saúde,0.0,0.0,0.0,0.0
HERVAL DOESTE,Educação,0.0,275.0,275.0,550.0
HERVAL DOESTE,Saúde,0.0,0.0,0.0,0.0
HERVAL DOESTE,Transporte,0.0,600000.0,600000.0,1200000.0
IBIAM,Agricultura,-190000.0,190000.0,190000.0,190000.0
IBIAM,Educação,0.0,242000.0,242000.0,484000.0
IBIAM,Saúde,0.0,0.0,0.0,0.0
IBICARE,Agricultura,0.0,200000.0,200000.0,400000.0
IBICARE,Educação,0.0,0.0,0.0,0.0
IBICARE,Saúde,0.0,0.0,0.0,0.0
IBIRAMA,Educação,0.0,4500000.0,4500000.0,9000000.0
IBIRAMA,Saúde,0.0,8250.0,12375.0,20625.0
ICARA,Educação,0.0,2630997.0,2630997.0,5261994.0
ICARA,Saúde,-13630000.0,2233091.0,2259572.0,-9137337.0
ILHOTA,Educação,0.0,0.0,0.0,0.0
ILHOTA,Saúde,0.0,21020.0,26339.0,47359.0
ILHOTA,Segurança Pública,0.0,0.0,0.0,0.0
IMARUI,Educação,0.0,140000.0,140000.0,280000.0
IMARUI,Saúde,0.0,0.0,0.0,0.0
IMBITUBA,Educação,0.0,600.0,600.0,1200.0
IMBITUBA,Saúde,0.0,8724.0,13107.0,21831.0
IMBUIA,Educação,0.0,122504.0,87780.0,210284.0
IMBUIA,Saúde,0.0,0.0,0.0,0.0
INDAIAL,Educação,0.0,860.0,860.0,1720.0
INDAIAL,Saúde,0.0,98700.0,65800.0,164500.0
IOMERE,Agricultura,0.0,300000.0,300000.0,600000.0
IOMERE,Educação,0.0,0.0,0.0,0.0
IOMERE,Saúde,0.0,0.0,0.0,0.0
IPIRA,Educação,-229500.0,229500.0,229500.0,229500.0
IPIRA,Saúde,0.0,0.0,0.0,0.0
IPORA DO OESTE,Agricultura,0.0,300000.0,300000.0,600000.0
IPORA DO OESTE,Educação,-450000.0,599150.0,550000.0,699150.0
IPORA DO OESTE,Saúde,0.0,0.0,0.0,0.0
IPUACU,Agricultura,0.0,400000.0,400000.0,800000.0
IPUACU,Educação,0.0,10000.0,10000.0,20000.0
IPUACU,Saúde,0.0,0.0,0.0,0.0
IPUMIRIM,Agricultura,-1000000.0,650000.0,650000.0,300000.0
IPUMIRIM,Educação,-105000.0,514500.0,514500.0,924000.0
IPUMIRIM,Saúde,0.0,0.0,0.0,0.0
IPUMIRIM,Segurança Pública,0.0,0.0,0.0,0.0
IRACEMINHA,Comércio e Serviços,0.0,250000.0,250000.0,500000.0
IRACEMINHA,Educação,0.0,445260.0,445260.0,890520.0
IRACEMINHA,Saúde,0.0,3246.0,4869.0,8115.0
IRACEMINHA,Transporte,0.0,1645126.0,1645126.0,3290252.0
IRANI,Educação,0.0,20000.0,20000.0,40000.0
IRANI,Saúde,0.0,0.0,0.0,0.0
IRATI,Agricultura,0.0,200000.0,200000.0,400000.0
IRATI,Educação,-300000.0,313049.0,300000.0,313049.0
IRATI,Saúde,0.0,1572.0,2358.0,3930.0
IRATI,Transporte,0.0,300000.0,300000.0,600000.0
IRINEOPOLIS,Educação,0.0,250.0,250.0,500.0
IRINEOPOLIS,Saúde,0.0,0.0,0.0,0.0
ITA,Agricultura,0.0,580000.0,580000.0,1160000.0
ITA,Educação,0.0,0.0,0.0,0.0
ITA,Saúde,0.0,4914.0,7371.0,12285.0
ITAIOPOLIS,Educação,0.0,20000.0,20000.0,40000.0
ITAIOPOLIS,Saúde,0.0,0.0,0.0,0.0
ITAJAI,Assistência Social,0.0,3621350.0,121350.0,3742700.0
ITAJAI,Comércio e Serviços,-10500000.0,0.0,0.0,-10500000.0
ITAJAI,Educação,0.0,785467.0,785467.0,1570934.0
ITAJAI,Gestão Ambiental,0.0,0.0,0.0,0.0
ITAJAI,Saúde,0.0,171252.0,256878.0,428130.0
ITAPEMA,Educação,0.0,410188.0,410188.0,820376.0
ITAPEMA,Saúde,0.0,57234.0,85851.0,143085.0
ITAPIRANGA,Agricultura,0.0,300000.0,300000.0,600000.0
ITAPIRANGA,Educação,0.0,0.0,0.0,0.0
ITAPIRANGA,Saúde,0.0,12654.0,18981.0,31635.0
ITAPIRANGA,Transporte,0.0,4000000.0,4000000.0,8000000.0
ITAPOA,Educação,0.0,177853.0,103205.0,281058.0
ITAPOA,Saúde,0.0,15432.0,23148.0,38580.0
ITUPORANGA,Educação,0.0,200000.0,200000.0,400000.0
ITUPORANGA,Saúde,0.0,731000.0,736500.0,1467500.0
ITUPORANGA,Transporte,0.0,0.0,0.0,0.0
JABORA,Agricultura,-150000.0,450000.0,450000.0,750000.0
JABORA,Educação,0.0,0.0,0.0,0.0
JABORA,Saúde,0.0,0.0,0.0,0.0
JACINTO MACHADO,Agricultura,0.0,500000.0,500000.0,1000000.0
JACINTO MACHADO,Comércio e Serviços,0.0,300000.0,300000.0,600000.0
JACINTO MACHADO,Educação,0.0,0.0,0.0,0.0
JACINTO MACHADO,Saúde,0.0,100000.0,0.0,100000.0
JACINTO MACHADO,Transporte,0.0,1500000.0,1500000.0,3000000.0
JAGUARUNA,Educação,0.0,20750.0,20750.0,41500.0
JAGUARUNA,Gestão Ambiental,0.0,0.0,0.0,0.0
JAGUARUNA,Saúde,0.0,1564856.0,1572365.0,3137221.0
JAGUARUNA,Transporte,0.0,5150000.0,5150000.0,10300000.0
JARAGUA DO SUL,Educação,0.0,1637532.0,1637532.0,3275064.0
JARAGUA DO SUL,Saúde,0.0,2504000.0,2299216.0,4803216.0
JARDINOPOLIS,Agricultura,-300000.0,1300000.0,1300000.0,2300000.0
JARDINOPOLIS,Educação,0.0,0.0,0.0,0.0
JARDINOPOLIS,Saúde,0.0,0.0,0.0,0.0
JOACABA,Agricultura,-300000.0,300000.0,300000.0,300000.0
JOACABA,Educação,0.0,360.0,2360.0,2720.0
JOACABA,Saúde,0.0,1000000.0,1000000.0,2000000.0
JOINVILLE,Educação,0.0,185172.0,315172.0,500344.0
JOINVILLE,Gestão Ambiental,0.0,0.0,0.0,0.0
JOINVILLE,Saúde,0.0,853282.0,12378175.0,13231457.0
JOSE BOITEUX,Agricultura,-100000.0,400000.0,400000.0,700000.0
JOSE BOITEUX,Educação,0.0,300.0,300.0,600.0
JOSE BOITEUX,Saúde,0.0,0.0,0.0,0.0
JOSE BOITEUX,Transporte,0.0,0.0,0.0,0.0
JUPIA,Agricultura,0.0,300000.0,300000.0,600000.0
JUPIA,Educação,-250000.0,250000.0,250000.0,250000.0
JUPIA,Saúde,0.0,0.0,0.0,0.0
JUPIA,Transporte,0.0,150000.0,150000.0,300000.0
LACERDOPOLIS,Educação,0.0,340.0,340.0,680.0
LACERDOPOLIS,Saúde,0.0,0.0,0.0,0.0
LAGES,Agricultura,0.0,350000.0,0.0,350000.0
LAGES,Comércio e Serviços,0.0,500000.0,500000.0,1000000.0
LAGES,Educação,0.0,1067570.0,1067570.0,2135140.0
LAGES,Saúde,0.0,2685150.0,3356275.0,6041425.0
LAGES,Transporte,0.0,1350000.0,1350000.0,2700000.0
LAGUNA,Educação,0.0,103186.0,30230.0,133416.0
LAGUNA,Saúde,0.0,8508.0,12633.0,21141.0
LAGUNA,Transporte,0.0,750000.0,750000.0,1500000.0
LAJEADO GRANDE,Agricultura,-220000.0,620000.0,620000.0,1020000.0
LAJEADO GRANDE,Educação,0.0,150285.0,150285.0,300570.0
LAJEADO GRANDE,Saúde,0.0,0.0,0.0,0.0
LAJEADO GRANDE,Transporte,0.0,450000.0,450000.0,900000.0
LAURENTINO,Educação,0.0,0.0,0.0,0.0
LAURENTINO,Saúde,0.0,0.0,0.0,0.0
LEBON REGIS,Agricultura,0.0,112666.0,112666.0,225332.0
LEBON REGIS,Educação,0.0,150880.0,150880.0,301760.0
LEBON REGIS,Saúde,0.0,320000.0,320000.0,640000.0
LEOBERTO LEAL,Agricultura,0.0,95000.0,95000.0,190000.0
LEOBERTO LEAL,Educação,0.0,0.0,0.0,0.0
LEOBERTO LEAL,Saúde,0.0,280000.0,280000.0,560000.0
LINDOIA DO SUL,Agricultura,0.0,920000.0,920000.0,1840000.0
LINDOIA DO SUL,Educação,0.0,273126.0,250000.0,523126.0
LINDOIA DO SUL,Saúde,0.0,420000.0,420000.0,840000.0
LONTRAS,Educação,0.0,0.0,0.0,0.0
LONTRAS,Saúde,0.0,0.0,0.0,0.0
LONTRAS,Transporte,0.0,250000.0,250000.0,500000.0
LUIZ ALVES,Educação,0.0,150.0,150.0,300.0
LUIZ ALVES,Saúde,0.0,0.0,0.0,0.0
LUIZ ALVES,Transporte,0.0,750000.0,750000.0,1500000.0
LUZERNA,Agricultura,0.0,100000.0,100000.0,200000.0
LUZERNA,Assistência Social,0.0,100000.0,100000.0,200000.0
LUZERNA,Educação,0.0,310.0,310.0,620.0
LUZERNA,Saúde,0.0,0.0,0.0,0.0
LUZERNA,Transporte,0.0,847500.0,847500.0,1695000.0
MACIEIRA,Agricultura,0.0,400000.0,400000.0,800000.0
MACIEIRA,Educação,0.0,663269.0,650440.0,1313709.0
MACIEIRA,Saúde,0.0,0.0,0.0,0.0
MAFRA,Educação,0.0,91960.0,91960.0,183920.0
MAFRA,Saúde,0.0,111000.0,666500.0,777500.0
MAJOR GERCINO,Educação,0.0,600.0,600.0,1200.0
MAJOR GERCINO,Saúde,0.0,564.0,564.0,1128.0
MAJOR VIEIRA,Educação,0.0,10000.0,10000.0,20000.0
MAJOR VIEIRA,Saúde,0.0,300000.0,300000.0,600000.0
MARACAJA,Educação,0.0,10300.0,2010300.0,2020600.0
MARACAJA,Saúde,0.0,0.0,0.0,0.0
MARACAJA,Transporte,0.0,1000000.0,1000000.0,2000000.0
MARAVILHA,Agricultura,0.0,300000.0,300000.0,600000.0
MARAVILHA,Comércio e Serviços,0.0,98605.0,98605.0,197210.0
MARAVILHA,Educação,-600000.0,600540.0,600540.0,601080.0
MARAVILHA,Saúde,0.0,908250.0,912375.0,1820625.0
MARAVILHA,Transporte,0.0,500000.0,500000.0,1000000.0
MAREMA,Agricultura,0.0,300000.0,300000.0,600000.0
MAREMA,Educação,0.0,0.0,0.0,0.0
MAREMA,Saúde,0.0,390.0,390.0,780.0
MASSARANDUBA,Educação,0.0,495984.0,400000.0,895984.0
MASSARANDUBA,Saúde,0.0,288000.0,288000.0,576000.0
MASSARANDUBA,Transporte,0.0,350000.0,350000.0,700000.0
MATOS COSTA,Agricultura,0.0,0.0,0.0,0.0
MATOS COSTA,Educação,0.0,39641.0,0.0,39641.0
MATOS COSTA,Saúde,0.0,0.0,0.0,0.0
MELEIRO,Agricultura,0.0,100000.0,100000.0,200000.0
MELEIRO,Educação,0.0,100000.0,100000.0,200000.0
MELEIRO,Saúde,0.0,0.0,0.0,0.0
MIRIM DOCE,Educação,0.0,100000.0,100000.0,200000.0
MIRIM DOCE,Saúde,0.0,0.0,0.0,0.0
MODELO,Educação,0.0,204000.0,204000.0,408000.0
MODELO,Saúde,0.0,0.0,0.0,0.0
MONDAI,Agricultura,0.0,396342.0,396342.0,792684.0
MONDAI,Educação,0.0,20000.0,20000.0,40000.0
MONDAI,Saúde,0.0,0.0,0.0,0.0
MONDAI,Transporte,0.0,200000.0,200000.0,400000.0
MONTE CARLO,Educação,0.0,550434.0,533871.0,1084305.0
MONTE CARLO,Saúde,0.0,0.0,0.0,0.0
MONTE CASTELO,Educação,0.0,0.0,0.0,0.0
MONTE CASTELO,Saúde,0.0,0.0,0.0,0.0
MORRO DA FUMACA,Educação,0.0,100000.0,350000.0,450000.0
MORRO DA FUMACA,Saúde,0.0,0.0,3000.0,3000.0
MORRO DA FUMACA,Transporte,0.0,250000.0,250000.0,500000.0
MORRO GRANDE,Educação,0.0,0.0,300000.0,300000.0
MORRO GRANDE,Saúde,0.0,0.0,0.0,0.0
NAVEGANTES,Educação,0.0,170519.0,130000.0,300519.0
NAVEGANTES,Saúde,0.0,8250.0,213275.0,221525.0
NOVA ERECHIM,Agricultura,0.0,300000.0,300000.0,600000.0
NOVA ERECHIM,Assistência Social,-800000.0,800000.0,800000.0,800000.0
NOVA ERECHIM,Educação,0.0,150000.0,150000.0,300000.0
NOVA ERECHIM,Saúde,0.0,0.0,0.0,0.0
NOVA ERECHIM,Transporte,-200000.0,200000.0,200000.0,200000.0
NOVA ITABERABA,Agricultura,-100000.0,100000.0,100000.0,100000.0
NOVA ITABERABA,Comércio e Serviços,0.0,350000.0,0.0,350000.0
NOVA ITABERABA,Educação,0.0,0.0,0.0,0.0
NOVA ITABERABA,Saúde,0.0,0.0,0.0,0.0
NOVA ITABERABA,Transporte,0.0,850000.0,850000.0,1700000.0
NOVA TRENTO,Agricultura,-300000.0,300000.0,300000.0,300000.0
NOVA TRENTO,Educação,0.0,462500.0,462500.0,925000.0
NOVA TRENTO,Saúde,-100000.0,0.0,0.0,-100000.0
NOVA TRENTO,Transporte,0.0,0.0,0.0,0.0
NOVA VENEZA,Educação,0.0,10000.0,10000.0,20000.0
NOVA VENEZA,Saúde,0.0,601806.0,0.0,601806.0
NOVO HORIZONTE,Agricultura,0.0,550000.0,550000.0,1100000.0
NOVO HORIZONTE,Educação,0.0,0.0,0.0,0.0
NOVO HORIZONTE,Saúde,0.0,0.0,0.0,0.0
NOVO HORIZONTE,Transporte,0.0,0.0,0.0,0.0
ORLEANS,Educação,0.0,216527.0,100000.0,316527.0
ORLEANS,Saúde,0.0,227184.0,179150.0,406334.0
ORLEANS,Transporte,0.0,600000.0,600000.0,1200000.0
OTACILIO COSTA,Educação,0.0,0.0,0.0,0.0
OTACILIO COSTA,Saúde,0.0,14058.0,21087.0,35145.0
OURO,Agricultura,0.0,516800.0,0.0,516800.0
OURO,Educação,0.0,0.0,0.0,0.0
OURO,Saúde,0.0,0.0,0.0,0.0
OURO VERDE,Agricultura,0.0,300000.0,300000.0,600000.0
OURO VERDE,Assistência Social,0.0,0.0,0.0,0.0
OURO VERDE,Educação,0.0,280.0,280.0,560.0
OURO VERDE,Saúde,0.0,0.0,0.0,0.0
OURO VERDE,Transporte,0.0,300000.0,300000.0,600000.0
PAIAL,Agricultura,0.0,299000.0,299000.0,598000.0
PAIAL,Educação,0.0,120000.0,120000.0,240000.0
PAIAL,Saúde,0.0,0.0,0.0,0.0
PAINEL,Educação,0.0,0.0,0.0,0.0
PAINEL,Saúde,0.0,0.0,0.0,0.0
PALHOCA,Educação,0.0,126057.0,95011.0,221068.0
PALHOCA,Saúde,0.0,4950.0,7425.0,12375.0
PALMA SOLA,Agricultura,-200000.0,550000.0,550000.0,900000.0
PALMA SOLA,Educação,0.0,500.0,500.0,1000.0
PALMA SOLA,Saúde,0.0,0.0,0.0,0.0
PALMEIRA,Educação,0.0,26873.0,0.0,26873.0
PALMEIRA,Saúde,0.0,0.0,0.0,0.0
PALMITOS,Agricultura,0.0,950000.0,950000.0,1900000.0
PALMITOS,Educação,-1120000.0,1120300.0,1120300.0,1120600.0
PALMITOS,Saúde,0.0,111000.0,116500.0,227500.0
PALMITOS,Transporte,-500000.0,1900000.0,1900000.0,3300000.0
PAPANDUVA,Agricultura,0.0,700000.0,700000.0,1400000.0
PAPANDUVA,Educação,0.0,0.0,0.0,0.0
PAPANDUVA,Saúde,0.0,650000.0,650000.0,1300000.0
PARAISO,Agricultura,0.0,300000.0,300000.0,600000.0
PARAISO,Educação,0.0,19062.0,0.0,19062.0
PARAISO,Saúde,0.0,3870.0,5445.0,9315.0
PARAISO,Transporte,0.0,850000.0,850000.0,1700000.0
PASSO DE TORRES,Educação,0.0,300.0,300.0,600.0
PASSO DE TORRES,Saúde,0.0,0.0,0.0,0.0
PASSOS MAIA,Agricultura,0.0,650000.0,650000.0,1300000.0
PASSOS MAIA,Comércio e Serviços,0.0,150000.0,150000.0,300000.0
PASSOS MAIA,Educação,-150000.0,250300.0,250300.0,350600.0
PASSOS MAIA,Saúde,0.0,0.0,0.0,0.0
PAULO LOPES,Educação,-388231.0,388231.0,388231.0,388231.0
PAULO LOPES,Saúde,0.0,0.0,0.0,0.0
PAULO LOPES,Transporte,0.0,300000.0,300000.0,600000.0
PEDRAS GRANDES,Educação,0.0,400.0,3850400.0,3850800.0
PEDRAS GRANDES,Saúde,0.0,774.0,774.0,1548.0
PENHA,Educação,0.0,20000.0,20000.0,40000.0
PENHA,Saúde,0.0,100000.0,100000.0,200000.0
PERITIBA,Educação,0.0,40000.0,40000.0,80000.0
PERITIBA,Saúde,0.0,0.0,0.0,0.0
PESCARIA BRAVA,Educação,0.0,0.0,0.0,0.0
PESCARIA BRAVA,Saúde,0.0,0.0,0.0,0.0
PETROLANDIA,Agricultura,0.0,192426.0,192426.0,384852.0
PETROLANDIA,Educação,0.0,100000.0,100000.0,200000.0
PETROLANDIA,Saúde,0.0,140000.0,140000.0,280000.0
PETROLANDIA,Transporte,0.0,150000.0,150000.0,300000.0
PINHALZINHO,Agricultura,0.0,0.0,0.0,0.0
PINHALZINHO,Educação,0.0,35000.0,35000.0,70000.0
PINHALZINHO,Saúde,0.0,8250.0,12375.0,20625.0
PINHALZINHO,Transporte,0.0,1000000.0,1000000.0,2000000.0
PINHEIRO PRETO,Agricultura,-300000.0,693990.0,693990.0,1087980.0
PINHEIRO PRETO,Educação,0.0,0.0,0.0,0.0
PINHEIRO PRETO,Saúde,0.0,0.0,0.0,0.0
PIRATUBA,Agricultura,0.0,400000.0,400000.0,800000.0
PIRATUBA,Educação,0.0,0.0,0.0,0.0
PIRATUBA,Saúde,0.0,0.0,0.0,0.0
PLANALTO ALEGRE,Agricultura,0.0,300000.0,300000.0,600000.0
PLANALTO ALEGRE,Educação,0.0,0.0,0.0,0.0
PLANALTO ALEGRE,Saúde,0.0,0.0,0.0,0.0
POMERODE,Educação,0.0,0.0,0.0,0.0
POMERODE,Saúde,0.0,0.0,0.0,0.0
POMERODE,Transporte,0.0,250000.0,250000.0,500000.0
PONTE ALTA,Educação,0.0,0.0,0.0,0.0
PONTE ALTA,Saúde,0.0,200000.0,200000.0,400000.0
PONTE ALTA DO NORTE,Educação,0.0,212.0,212.0,424.0
PONTE ALTA DO NORTE,Saúde,0.0,0.0,0.0,0.0
PONTE SERRADA,Agricultura,-300000.0,300000.0,300000.0,300000.0
PONTE SERRADA,Educação,0.0,0.0,0.0,0.0
PONTE SERRADA,Saúde,0.0,462200.0,462200.0,924400.0
PONTE SERRADA,Transporte,0.0,200000.0,200000.0,400000.0
PORTO BELO,Educação,0.0,0.0,0.0,0.0
PORTO BELO,Saúde,0.0,0.0,0.0,0.0
PORTO UNIAO,Educação,0.0,530.0,530.0,1060.0
PORTO UNIAO,Saúde,0.0,8250.0,12375.0,20625.0
POUSO REDONDO,Educação,0.0,200000.0,200000.0,400000.0
POUSO REDONDO,Saúde,0.0,0.0,0.0,0.0
PRAIA GRANDE,Agricultura,0.0,300000.0,0.0,300000.0
PRAIA GRANDE,Educação,-425040.0,435040.0,435040.0,445040.0
PRAIA GRANDE,Gestão Ambiental,0.0,150000.0,150000.0,300000.0
PRAIA GRANDE,Saúde,0.0,499996.0,499996.0,999992.0
PRAIA GRANDE,Transporte,0.0,1100000.0,1100000.0,2200000.0
PRESIDENTE CASTELLO BRANCO,Comércio e Serviços,0.0,91000.0,91000.0,182000.0
PRESIDENTE CASTELLO BRANCO,Educação,-99750.0,99750.0,99750.0,99750.0
PRESIDENTE CASTELLO BRANCO,Saúde,0.0,0.0,0.0,0.0
PRESIDENTE GETULIO,Educação,0.0,453960.0,453960.0,907920.0
PRESIDENTE GETULIO,Saúde,0.0,701174.0,701174.0,1402348.0
PRESIDENTE NEREU,Agricultura,0.0,117900.0,117900.0,235800.0
PRESIDENTE NEREU,Educação,0.0,0.0,0.0,0.0
PRESIDENTE NEREU,Saúde,0.0,0.0,0.0,0.0
PRINCESA,Educação,0.0,16896.0,0.0,16896.0
PRINCESA,Saúde,0.0,0.0,0.0,0.0
QUILOMBO,Educação,0.0,135.0,135.0,270.0
QUILOMBO,Saúde,0.0,321500.0,227000.0,548500.0
QUILOMBO,Transporte,0.0,1085000.0,1085000.0,2170000.0
RANCHO QUEIMADO,Educação,-450000.0,450470.0,450470.0,450940.0
RANCHO QUEIMADO,Saúde,0.0,0.0,0.0,0.0
RIO DAS ANTAS,Agricultura,0.0,0.0,0.0,0.0
RIO DAS ANTAS,Desporto e Lazer,0.0,150000.0,150000.0,300000.0
RIO DAS ANTAS,Educação,0.0,200000.0,200000.0,400000.0
RIO DAS ANTAS,Saúde,0.0,0.0,0.0,0.0
RIO DO CAMPO,Agricultura,0.0,150000.0,150000.0,300000.0
RIO DO CAMPO,Educação,0.0,43784.0,0.0,43784.0
RIO DO CAMPO,Saúde,0.0,4644.0,6966.0,11610.0
RIO DO OESTE,Agricultura,0.0,389900.0,389900.0,779800.0
RIO DO OESTE,Educação,0.0,0.0,0.0,0.0
RIO DO OESTE,Saúde,0.0,0.0,0.0,0.0
RIO DO OESTE,Transporte,0.0,100000.0,100000.0,200000.0
RIO DO SUL,Educação,0.0,5632194.0,5632194.0,11264388.0
RIO DO SUL,Saúde,0.0,2925822.0,2368822.0,5294644.0
RIO DO SUL,Transporte,0.0,250000.0,250000.0,500000.0
RIO DOS CEDROS,Educação,0.0,200000.0,200000.0,400000.0
RIO DOS CEDROS,Saúde,0.0,0.0,0.0,0.0
RIO DOS CEDROS,Transporte,0.0,500000.0,500000.0,1000000.0
RIO FORTUNA,Educação,0.0,111040.0,111040.0,222080.0
RIO FORTUNA,Saúde,0.0,3486.0,5229.0,8715.0
RIO NEGRINHO,Educação,0.0,920.0,920.0,1840.0
RIO NEGRINHO,Saúde,0.0,1702064.0,1281225.0,2983289.0
RIO NEGRINHO,Transporte,0.0,0.0,0.0,0.0
RIO RUFINO,Agricultura,0.0,300000.0,300000.0,600000.0
RIO RUFINO,Educação,0.0,73341.0,0.0,73341.0
RIO RUFINO,Saúde,0.0,0.0,0.0,0.0
RIQUEZA,Agricultura,0.0,350000.0,350000.0,700000.0
RIQUEZA,Educação,-85000.0,99542.0,85000.0,99542.0
RIQUEZA,Saúde,0.0,0.0,0.0,0.0
RIQUEZA,Transporte,0.0,600000.0,600000.0,1200000.0
RODEIO,Agricultura,0.0,250000.0,250000.0,500000.0
RODEIO,Educação,0.0,0.0,0.0,0.0
RODEIO,Saúde,0.0,0.0,0.0,0.0
ROMELANDIA,Agricultura,-700000.0,700000.0,700000.0,700000.0
ROMELANDIA,Educação,0.0,0.0,0.0,0.0
ROMELANDIA,Saúde,0.0,0.0,300000.0,300000.0
ROMELANDIA,Transporte,0.0,970000.0,970000.0,1940000.0
SALETE,Educação,0.0,400000.0,400000.0,800000.0
SALETE,Saúde,0.0,300000.0,300000.0,600000.0
SALETE,Transporte,0.0,200000.0,200000.0,400000.0
SALTINHO,Educação,0.0,20492.0,0.0,20492.0
SALTINHO,Saúde,0.0,0.0,0.0,0.0
SALTINHO,Transporte,0.0,1000000.0,1000000.0,2000000.0
SALTO VELOSO,Agricultura,-150000.0,450000.0,450000.0,750000.0
SALTO VELOSO,Educação,-200000.0,240000.0,240000.0,280000.0
SALTO VELOSO,Saúde,0.0,84000.0,84000.0,168000.0
SANGAO,Educação,0.0,236590.0,1236590.0,1473180.0
SANGAO,Saúde,0.0,0.0,0.0,0.0
SANGAO,Transporte,0.0,1412716.0,1412716.0,2825432.0
SANTA CECILIA,Educação,0.0,100220.0,100220.0,200440.0
SANTA CECILIA,Saúde,0.0,0.0,0.0,0.0
SANTA HELENA,Agricultura,0.0,390270.0,390270.0,780540.0
SANTA HELENA,Educação,0.0,0.0,0.0,0.0
SANTA HELENA,Saúde,0.0,0.0,0.0,0.0
SANTA ROSA DE LIMA,Educação,0.0,0.0,0.0,0.0
SANTA ROSA DE LIMA,Saúde,0.0,0.0,0.0,0.0
SANTA ROSA DO SUL,Educação,-250000.0,250000.0,1478000.0,1478000.0
SANTA ROSA DO SUL,Saúde,0.0,0.0,0.0,0.0
SANTA TEREZINHA,Educação,0.0,0.0,0.0,0.0
SANTA TEREZINHA,Saúde,0.0,0.0,0.0,0.0
SANTA TEREZINHA DO PROGRESSO,Agricultura,0.0,500000.0,500000.0,1000000.0
SANTA TEREZINHA DO PROGRESSO,Educação,-460000.0,460000.0,460000.0,460000.0
SANTA TEREZINHA DO PROGRESSO,Saúde,0.0,0.0,0.0,0.0
SANTA TEREZINHA DO PROGRESSO,Transporte,0.0,1000000.0,1000000.0,2000000.0
SANTIAGO DO SUL,Agricultura,0.0,500000.0,500000.0,1000000.0
SANTIAGO DO SUL,Educação,0.0,160.0,160.0,320.0
SANTIAGO DO SUL,Saúde,0.0,0.0,0.0,0.0
SANTO AMARO DA IMPERATRIZ,Educação,-1400000.0,1400600.0,1400600.0,1401200.0
SANTO AMARO DA IMPERATRIZ,Saúde,0.0,8250.0,12375.0,20625.0
SAO BENTO DO SUL,Comércio e Serviços,0.0,300000.0,300000.0,600000.0
SAO BENTO DO SUL,Educação,0.0,1320460.0,1320460.0,2640920.0
SAO BENTO DO SUL,Saúde,0.0,508500.0,514000.0,1022500.0
SAO BENTO DO SUL,Transporte,0.0,1900000.0,1900000.0,3800000.0
SAO BENTO DO SUL,Urbanismo,0.0,0.0,0.0,0.0
SAO BERNARDINO,Agricultura,-350000.0,1200000.0,1200000.0,2050000.0
SAO BERNARDINO,Educação,-150000.0,383328.0,350600.0,583928.0
SAO BERNARDINO,Saúde,0.0,0.0,0.0,0.0
SAO BONIFACIO,Educação,0.0,0.0,0.0,0.0
SAO BONIFACIO,Saúde,0.0,0.0,0.0,0.0
SAO CARLOS,Agricultura,0.0,300000.0,300000.0,600000.0
SAO CARLOS,Educação,0.0,78000.0,78000.0,156000.0
SAO CARLOS,Saúde,0.0,500000.0,500000.0,1000000.0
SAO CRISTOVAO DO SUL,Educação,0.0,0.0,0.0,0.0
SAO CRISTOVAO DO SUL,Saúde,0.0,0.0,0.0,0.0
SAO DOMINGOS,Agricultura,-150000.0,450000.0,450000.0,750000.0
SAO DOMINGOS,Educação,0.0,201699.0,149270.0,350969.0
SAO DOMINGOS,Gestão Ambiental,0.0,0.0,0.0,0.0
SAO DOMINGOS,Saúde,0.0,0.0,0.0,0.0
SAO FRANCISCO DO SUL,Educação,0.0,290.0,290.0,580.0
SAO FRANCISCO DO SUL,Saúde,0.0,56774.0,774.0,57548.0
SAO JOAO BATISTA,Educação,0.0,1904413.0,6789529.0,8693942.0
SAO JOAO BATISTA,Saúde,0.0,28068.0,42102.0,70170.0
SAO JOAO BATISTA,Transporte,0.0,300000.0,300000.0,600000.0
SAO JOAO DO ITAPERIU,Educação,0.0,59837.0,59837.0,119674.0
SAO JOAO DO ITAPERIU,Saúde,0.0,0.0,0.0,0.0
SAO JOAO DO OESTE,Agricultura,0.0,420000.0,420000.0,840000.0
SAO JOAO DO OESTE,Comércio e Serviços,0.0,200000.0,200000.0,400000.0
SAO JOAO DO OESTE,Educação,0.0,15000.0,15000.0,30000.0
SAO JOAO DO OESTE,Saúde,0.0,0.0,0.0,0.0
SAO JOAO DO SUL,Agricultura,0.0,200000.0,200000.0,400000.0
SAO JOAO DO SUL,Educação,0.0,60300.0,60300.0,120600.0
SAO JOAO DO SUL,Saúde,0.0,0.0,0.0,0.0
SAO JOAO DO SUL,Transporte,0.0,250000.0,250000.0,500000.0
SAO JOAQUIM,Agricultura,0.0,300000.0,300000.0,600000.0
SAO JOAQUIM,Educação,-68000.0,69460.0,69460.0,70920.0
SAO JOAQUIM,Saúde,0.0,37448.0,56172.0,93620.0
SAO JOSE,Educação,0.0,287551.0,287551.0,575102.0
SAO JOSE,Saúde,0.0,15950.0,23925.0,39875.0
SAO JOSE,Transporte,0.0,6000000.0,6000000.0,12000000.0
SAO JOSE DO CEDRO,Educação,0.0,65000.0,65000.0,130000.0
SAO JOSE DO CEDRO,Saúde,0.0,0.0,0.0,0.0
SAO JOSE DO CERRITO,Agricultura,0.0,800000.0,800000.0,1600000.0
SAO JOSE DO CERRITO,Educação,0.0,60135.0,60135.0,120270.0
SAO JOSE DO CERRITO,Saúde,0.0,0.0,0.0,0.0
SAO LOURENCO DO OESTE,Agricultura,0.0,300000.0,300000.0,600000.0
SAO LOURENCO DO OESTE,Educação,0.0,155000.0,155000.0,310000.0
SAO LOURENCO DO OESTE,Saúde,0.0,11000.0,16500.0,27500.0
SAO LOURENCO DO OESTE,Transporte,0.0,450000.0,450000.0,900000.0
SAO LUDGERO,Educação,0.0,300000.0,300000.0,600000.0
SAO LUDGERO,Saúde,0.0,100000.0,100000.0,200000.0
SAO MARTINHO,Agricultura,0.0,400000.0,400000.0,800000.0
SAO MARTINHO,Assistência Social,0.0,0.0,0.0,0.0
SAO MARTINHO,Educação,0.0,53442.0,460.0,53902.0
SAO MARTINHO,Saúde,0.0,0.0,0.0,0.0
SAO MIGUEL DA BOA VISTA,Agricultura,-200000.0,200000.0,200000.0,200000.0
SAO MIGUEL DA BOA VISTA,Educação,0.0,0.0,0.0,0.0
SAO MIGUEL DA BOA VISTA,Saúde,0.0,0.0,0.0,0.0
SAO MIGUEL DO OESTE,Educação,0.0,35600.0,35600.0,71200.0
SAO MIGUEL DO OESTE,Saúde,0.0,2888250.0,2892375.0,5780625.0
SAO MIGUEL DO OESTE,Transporte,0.0,750000.0,750000.0,1500000.0
SAO PEDRO DE ALCANTARA,Agricultura,0.0,150000.0,150000.0,300000.0
SAO PEDRO DE ALCANTARA,Educação,0.0,1090.0,1090.0,2180.0
SAO PEDRO DE ALCANTARA,Saúde,0.0,0.0,0.0,0.0
SAUDADES,Agricultura,0.0,300000.0,300000.0,600000.0
SAUDADES,Educação,0.0,300.0,300.0,600.0
SAUDADES,Saúde,0.0,150000.0,150000.0,300000.0
SAUDADES,Transporte,-3000.0,300000.0,300000.0,597000.0
SCHROEDER,Agricultura,-300000.0,300000.0,300000.0,300000.0
SCHROEDER,Educação,0.0,200600.0,200300.0,400900.0
SCHROEDER,Saúde,0.0,0.0,0.0,0.0
SCHROEDER,Transporte,0.0,150000.0,150000.0,300000.0
SEARA,Agricultura,0.0,400000.0,400000.0,800000.0
SEARA,Educação,0.0,0.0,0.0,0.0
SEARA,Saúde,0.0,41400.0,27600.0,69000.0
SERRA ALTA,Agricultura,0.0,300000.0,300000.0,600000.0
SERRA ALTA,Comércio e Serviços,0.0,250000.0,250000.0,500000.0
SERRA ALTA,Educação,-100000.0,100000.0,100000.0,100000.0
SERRA ALTA,Saúde,0.0,0.0,0.0,0.0
SERRA ALTA,Transporte,0.0,1050000.0,1050000.0,2100000.0
SIDEROPOLIS,Educação,0.0,815.0,815.0,1630.0
SIDEROPOLIS,Saúde,0.0,0.0,0.0,0.0
SIDEROPOLIS,Transporte,0.0,500000.0,500000.0,1000000.0
SOMBRIO,Educação,0.0,0.0,0.0,0.0
SOMBRIO,Saúde,0.0,140000.0,140000.0,280000.0
SUL BRASIL,Agricultura,0.0,1000000.0,1000000.0,2000000.0
SUL BRASIL,Comércio e Serviços,0.0,200000.0,200000.0,400000.0
SUL BRASIL,Educação,0.0,0.0,0.0,0.0
SUL BRASIL,Saúde,0.0,540.0,540.0,1080.0
TAIO,Educação,0.0,0.0,0.0,0.0
TAIO,Saúde,0.0,0.0,0.0,0.0
TANGARA,Agricultura,0.0,0.0,0.0,0.0
TANGARA,Educação,0.0,0.0,0.0,0.0
TANGARA,Saúde,0.0,210000.0,210000.0,420000.0
TANGARA,Transporte,0.0,250000.0,250000.0,500000.0
TIGRINHOS,Educação,0.0,100000.0,100000.0,200000.0
TIGRINHOS,Saúde,-100000.0,1326.0,1989.0,-96685.0
TIGRINHOS,Transporte,0.0,250000.0,250000.0,500000.0
TIJUCAS,Educação,0.0,99740.0,99740.0,199480.0
TIJUCAS,Saúde,0.0,8250.0,12375.0,20625.0
TIMBE DO SUL,Comércio e Serviços,0.0,181620.0,0.0,181620.0
TIMBE DO SUL,Educação,-198000.0,574547.0,574547.0,951094.0
TIMBE DO SUL,Saúde,0.0,601806.0,0.0,601806.0
TIMBE DO SUL,Transporte,0.0,1722000.0,1722000.0,3444000.0
TIMBO,Educação,0.0,676192.0,676192.0,1352384.0
TIMBO,Saúde,0.0,0.0,0.0,0.0
TIMBO GRANDE,Agricultura,0.0,867428.0,867428.0,1734856.0
TIMBO GRANDE,Educação,0.0,300.0,300.0,600.0
TIMBO GRANDE,Saúde,0.0,0.0,0.0,0.0
TRES BARRAS,Educação,0.0,20000.0,20000.0,40000.0
TRES BARRAS,Saúde,0.0,69450.0,0.0,69450.0
TREVISO,Educação,0.0,0.0,0.0,0.0
TREVISO,Saúde,0.0,0.0,0.0,0.0
TREZE DE MAIO,Educação,0.0,57632.0,230.0,57862.0
TREZE DE MAIO,Saúde,0.0,390000.0,390000.0,780000.0
TREZE DE MAIO,Transporte,0.0,0.0,0.0,0.0
TREZE TILIAS,Desporto e Lazer,-129000.0,0.0,0.0,-129000.0
TREZE TILIAS,Educação,0.0,129150.0,129150.0,258300.0
TREZE TILIAS,Saúde,0.0,5880.0,8820.0,14700.0
TREZE TILIAS,Transporte,0.0,0.0,0.0,0.0
TROMBUDO CENTRAL,Educação,0.0,57038.0,57038.0,114076.0
TROMBUDO CENTRAL,Saúde,0.0,205160.0,207920.0,413080.0
TUBARAO,Educação,0.0,129791.0,44367.0,174158.0
TUBARAO,Saúde,0.0,411000.0,416500.0,827500.0
TUBARAO,Transporte,0.0,580470.0,580470.0,1160940.0
TUNAPOLIS,Agricultura,-250000.0,550000.0,550000.0,850000.0
TUNAPOLIS,Educação,0.0,348595.0,348595.0,697190.0
TUNAPOLIS,Saúde,0.0,0.0,0.0,0.0
TUNAPOLIS,Transporte,0.0,250000.0,250000.0,500000.0
TURVO,Educação,0.0,20000.0,20000.0,40000.0
TURVO,Saúde,0.0,100000.0,100000.0,200000.0
UNIAO DO OESTE,Agricultura,-150000.0,450000.0,450000.0,750000.0
UNIAO DO OESTE,Educação,0.0,0.0,0.0,0.0
UNIAO DO OESTE,Saúde,0.0,0.0,0.0,0.0
URUBICI,Educação,0.0,234750.0,123180.0,357930.0
URUBICI,Saúde,0.0,0.0,0.0,0.0
URUPEMA,Agricultura,0.0,300000.0,300000.0,600000.0
URUPEMA,Educação,0.0,0.0,0.0,0.0
URUPEMA,Saúde,0.0,0.0,0.0,0.0
URUSSANGA,Agricultura,0.0,0.0,0.0,0.0
URUSSANGA,Educação,0.0,200000.0,200000.0,400000.0
URUSSANGA,Saúde,0.0,214950.0,217425.0,432375.0
URUSSANGA,Transporte,0.0,350000.0,350000.0,700000.0
VARGEAO,Agricultura,-300000.0,300000.0,300000.0,300000.0
VARGEAO,Educação,0.0,140000.0,140000.0,280000.0
VARGEAO,Saúde,0.0,0.0,0.0,0.0
VARGEAO,Transporte,0.0,250000.0,250000.0,500000.0
VARGEM,Educação,0.0,31848.0,220.0,32068.0
VARGEM,Saúde,0.0,3042.0,4563.0,7605.0
VARGEM BONITA,Agricultura,0.0,200000.0,200000.0,400000.0
VARGEM BONITA,Educação,0.0,0.0,0.0,0.0
VARGEM BONITA,Saúde,0.0,0.0,0.0,0.0
VARGEM BONITA,Transporte,0.0,300000.0,300000.0,600000.0
VIDAL RAMOS,Educação,-100000.0,630240.0,630240.0,1160480.0
VIDAL RAMOS,Saúde,0.0,0.0,0.0,0.0
VIDEIRA,Agricultura,0.0,0.0,0.0,0.0
VIDEIRA,Educação,0.0,400.0,400.0,800.0
VIDEIRA,Saúde,0.0,708250.0,712375.0,1420625.0
VITOR MEIRELES,Agricultura,0.0,350000.0,350000.0,700000.0
VITOR MEIRELES,Educação,0.0,0.0,0.0,0.0
VITOR MEIRELES,Saúde,0.0,0.0,0.0,0.0
WITMARSUM,Educação,0.0,20000.0,20000.0,40000.0
WITMARSUM,Saúde,0.0,0.0,0.0,0.0
XANXERE,Educação,0.0,1500.0,1500.0,3000.0
XANXERE,Saúde,0.0,208250.0,212375.0,420625.0
XAVANTINA,Agricultura,-200000.0,200000.0,200000.0,200000.0
XAVANTINA,Educação,0.0,0.0,0.0,0.0
XAVANTINA,Saúde,0.0,0.0,0.0,0.0
XAVANTINA,Transporte,0.0,350000.0,350000.0,700000.0
XAXIM,Agricultura,0.0,650000.0,650000.0,1300000.0
XAXIM,Desporto e Lazer,0.0,150000.0,150000.0,300000.0
XAXIM,Educação,0.0,0.0,0.0,0.0
XAXIM,Saúde,0.0,0.0,0.0,0.0
XAXIM,Transporte,0.0,650000.0,650000.0,1300000.0
ZORTEA,Educação,0.0,250000.0,250000.0,500000.0
ZORTEA,Saúde,0.0,0.0,0.0,0.0
